timestamp,score,upvote_ratio
2022-04-22,9.0,0.85
2022-04-23,8.0,0.95
2022-04-24,47.0,0.8500000000000001
2022-04-25,13.0,0.782
2022-04-26,19.333333333333332,0.8066666666666666
2022-04-27,3372.75,0.885
2022-04-28,4.863636363636363,0.9018181818181819
2022-04-29,17.75,0.7825
2022-04-30,,
2022-05-01,10.0,0.8300000000000001
2022-05-02,13.0,0.84
2022-05-03,16.0,0.9
2022-05-04,1.0,1.0
2022-05-05,,
2022-05-06,,
2022-05-07,20.0,0.71
2022-05-08,,
2022-05-09,,
2022-05-10,,
2022-05-11,18.333333333333332,0.9533333333333333
2022-05-12,40.142857142857146,0.9
2022-05-13,,
2022-05-14,,
2022-05-15,,
2022-05-16,165.0,0.9500000000000001
2022-05-17,518.0,0.8566666666666668
2022-05-18,32.333333333333336,0.9700000000000001
2022-05-19,25.0,0.86
2022-05-20,5374.0,0.825
2022-05-21,27.333333333333332,0.8300000000000001
2022-05-22,32.0,0.81
2022-05-23,130.0,0.85
2022-05-24,5.166666666666667,0.9466666666666667
2022-05-25,4.0,0.6
2022-05-26,,
2022-05-27,3.5,0.94
2022-05-28,34.5,0.94
2022-05-29,,
2022-05-30,,
2022-05-31,,
2022-06-01,16.0,0.8175
2022-06-02,45.0,0.81
2022-06-03,14.0,0.755
2022-06-04,,
2022-06-05,1.0,1.0
2022-06-06,559.6,0.968
2022-06-07,27.0,0.69
2022-06-08,2.3333333333333335,0.7633333333333333
2022-06-09,44.0,0.74
2022-06-10,,
2022-06-11,28.0,0.82
2022-06-12,5.166666666666667,0.9733333333333333
2022-06-13,11.0,0.895
2022-06-14,,
2022-06-15,2.0,0.89
2022-06-16,1.0,1.0
2022-06-17,329.5,0.935
2022-06-18,34.0,0.75
2022-06-19,,
2022-06-20,,
2022-06-21,,
2022-06-22,16.0,0.84
2022-06-23,,
2022-06-24,,
2022-06-25,,
2022-06-26,119.66666666666667,0.79
2022-06-27,,
2022-06-28,1.0,1.0
2022-06-29,3.0,0.6
2022-06-30,,
2022-07-01,,
2022-07-02,,
2022-07-03,,
2022-07-04,,
2022-07-05,,
2022-07-06,,
2022-07-07,,
2022-07-08,,
2022-07-09,,
2022-07-10,,
2022-07-11,,
2022-07-12,,
2022-07-13,,
2022-07-14,,
2022-07-15,,
2022-07-16,,
2022-07-17,,
2022-07-18,,
2022-07-19,,
2022-07-20,1.0,1.0
2022-07-21,50.666666666666664,0.7233333333333333
2022-07-22,,
2022-07-23,,
2022-07-24,,
2022-07-25,1.0,1.0
2022-07-26,24.25,0.8300000000000001
2022-07-27,6.0,0.81
2022-07-28,418.85714285714283,0.8714285714285713
2022-07-29,9.5,0.9625
2022-07-30,2.0,0.55
2022-07-31,,
2022-08-01,30.0,0.83
2022-08-02,,
2022-08-03,4.0,0.71
2022-08-04,37.0,0.74
2022-08-05,,
2022-08-06,,
2022-08-07,1.0,1.0
2022-08-08,2227.5,0.9550000000000001
2022-08-09,14.666666666666666,0.8266666666666667
2022-08-10,30.0,0.635
2022-08-11,,
2022-08-12,4.5,0.855
2022-08-13,,
2022-08-14,11.0,0.72
2022-08-15,6.5,0.96
2022-08-16,19.0,0.8766666666666666
2022-08-17,3.5,0.835
2022-08-18,16.166666666666668,0.7683333333333334
2022-08-19,13.666666666666666,0.8166666666666668
2022-08-20,11.5,0.765
2022-08-21,,
2022-08-22,8.5,0.755
2022-08-23,8.0,0.68
2022-08-24,,
2022-08-25,,
2022-08-26,6.5,0.94
2022-08-27,1.5,0.835
2022-08-28,32.0,0.74
2022-08-29,37.2,0.738
2022-08-30,1.0,0.7
2022-08-31,,
2022-09-01,10.0,0.5533333333333333
2022-09-02,,
2022-09-03,,
2022-09-04,3.0,0.7949999999999999
2022-09-05,53.285714285714285,0.8814285714285715
2022-09-06,,
2022-09-07,14.076923076923077,0.8838461538461538
2022-09-08,,
2022-09-09,26.5,0.905
2022-09-10,104.0,0.82
2022-09-11,,
2022-09-12,23.75,0.96
2022-09-13,83.0,0.84
2022-09-14,3.3333333333333335,0.7533333333333333
2022-09-15,0.8333333333333334,0.8966666666666666
2022-09-16,2.0,0.87
2022-09-17,0.6666666666666666,0.57
2022-09-18,5.0,0.6
2022-09-19,2.0,1.0
2022-09-20,3.0,0.8066666666666666
2022-09-21,,
2022-09-22,,
2022-09-23,7.25,0.9450000000000001
2022-09-24,0.0,0.5
2022-09-25,1.0,1.0
2022-09-26,,
2022-09-27,23.0,0.8300000000000001
2022-09-28,49.25,0.835
2022-09-29,359.0,0.8560000000000001
2022-09-30,42.7,0.876
2022-10-01,1.0,1.0
2022-10-02,35.0,0.73
2022-10-03,12.2,0.828
2022-10-04,29.8,0.8939999999999999
2022-10-05,2.0,0.475
2022-10-06,,
2022-10-07,2.5,0.6950000000000001
2022-10-08,14.5,0.8049999999999999
2022-10-09,3.0,0.56
2022-10-10,11.0,0.79
2022-10-11,66.0,0.65
2022-10-12,8.0,0.625
2022-10-13,,
2022-10-14,,
2022-10-15,19.0,0.97
2022-10-16,,
2022-10-17,,
2022-10-18,,
2022-10-19,,
2022-10-20,,
2022-10-21,,
2022-10-22,40.0,0.92
2022-10-23,63.0,0.81
2022-10-24,13.0,0.86
2022-10-25,89.25,0.8525
2022-10-26,11.0,0.8800000000000001
2022-10-27,28.96969696969697,0.8827272727272727
2022-10-28,10.444444444444445,0.7633333333333333
2022-10-29,40.25,0.77
2022-10-30,,
2022-10-31,11.5,0.9275
2022-11-01,,
2022-11-02,,
2022-11-03,6.75,0.99
2022-11-04,18.0,0.8966666666666666
2022-11-05,1.0,1.0
2022-11-06,1.0,1.0
2022-11-07,1.0,1.0
2022-11-08,1.0,1.0
2022-11-09,1.0,1.0
2022-11-10,1.0,1.0
2022-11-11,0.0,0.5
2022-11-12,113.33333333333333,0.9533333333333333
2022-11-13,1.0,1.0
2022-11-14,1.0,1.0
2022-11-15,1.0,1.0
2022-11-16,1.0,1.0
2022-11-17,,
2022-11-18,,
2022-11-19,1.0,1.0
2022-11-20,,
2022-11-21,1.0,1.0
2022-11-22,,
2022-11-23,1.0,1.0
2022-11-24,1.0,1.0
2022-11-25,1.0,1.0
2022-11-26,,
2022-11-27,1.0,1.0
2022-11-28,1.1428571428571428,1.0
2022-11-29,155.16666666666666,0.9866666666666667
2022-11-30,1.0,1.0
2022-12-01,2.0,1.0
2022-12-02,0.0,0.47
2022-12-03,1.0,1.0
2022-12-04,1.0,1.0
2022-12-05,1.0,1.0
2022-12-06,1.0,1.0
2022-12-07,,
2022-12-08,1.0,1.0
2022-12-09,1.0,1.0
2022-12-10,1.0,1.0
2022-12-11,5.75,0.9525
2022-12-12,1.0,1.0
2022-12-13,1.0,1.0
2022-12-14,,
2022-12-15,1.0,1.0
2022-12-16,1.0,1.0
2022-12-17,1.0,1.0
2022-12-18,68.5,0.9450000000000001
2022-12-19,1.0,1.0
2022-12-20,1.0,1.0
2022-12-21,1.0,1.0
2022-12-22,1.0,1.0
2022-12-23,1.0,1.0
2022-12-24,1.0,1.0
2022-12-25,1.0,1.0
2022-12-26,13.333333333333334,0.9199999999999999
2022-12-27,,
2022-12-28,1.0,1.0
2022-12-29,91.33333333333333,0.9866666666666667
2022-12-30,,
2022-12-31,,
2023-01-01,1.0,1.0
2023-01-02,1.0,1.0
2023-01-03,1.0,1.0
2023-01-04,1.0,1.0
2023-01-05,1.0,1.0
2023-01-06,1.0,1.0
2023-01-07,1.0,1.0
2023-01-08,1.0,1.0
2023-01-09,,
2023-01-10,,
2023-01-11,1.0,1.0
2023-01-12,,
2023-01-13,1.0,1.0
2023-01-14,,
2023-01-15,1.0,1.0
2023-01-16,1.0,1.0
2023-01-17,1.0,1.0
2023-01-18,1.0,1.0
2023-01-19,1.0,1.0
2023-01-20,1.0,1.0
2023-01-21,1.0,1.0
2023-01-22,1.0,1.0
2023-01-23,1.0,1.0
2023-01-24,1.0,1.0
2023-01-25,1.0,1.0
2023-01-26,1.0,1.0
2023-01-27,1.0,1.0
2023-01-28,,
2023-01-29,1.0,1.0
2023-01-30,1.0,1.0
2023-01-31,,
2023-02-01,1.0,1.0
2023-02-02,1.0,1.0
2023-02-03,1.0,1.0
2023-02-04,1.0,1.0
2023-02-05,1.0,1.0
2023-02-06,1.0,1.0
2023-02-07,,
2023-02-08,1.0,1.0
2023-02-09,1.0,1.0
2023-02-10,1.0,1.0
2023-02-11,,
2023-02-12,1.0,1.0
2023-02-13,,
2023-02-14,,
2023-02-15,1.0,1.0
2023-02-16,,
2023-02-17,,
2023-02-18,,
2023-02-19,,
2023-02-20,,
2023-02-21,,
2023-02-22,1.0,1.0
2023-02-23,,
2023-02-24,,
2023-02-25,,
2023-02-26,,
2023-02-27,1.0,1.0
2023-02-28,,
2023-03-01,,
2023-03-02,1.0,1.0
2023-03-03,,
2023-03-04,,
2023-03-05,,
2023-03-06,1.0,1.0
2023-03-07,,
2023-03-08,1.0,1.0
2023-03-09,1.0,1.0
2023-03-10,1.0,1.0
2023-03-11,1.0,1.0
