,timestamp,score,upvote_ratio
0,2022-06-30 17:54:12,1614,0.92
1,2022-06-29 19:01:18,3,0.6
2,2022-06-28 06:52:41,1,1.0
3,2022-06-26 23:41:02,1,1.0
4,2022-06-26 22:52:12,343,0.77
5,2022-06-26 20:46:30,15,0.6
6,2022-06-22 09:31:07,16,0.84
7,2022-06-18 22:04:21,34,0.75
8,2022-06-17 01:41:57,658,0.87
9,2022-06-17 00:16:53,1,1.0
10,2022-06-16 14:15:02,1,1.0
11,2022-06-16 13:14:49,1,1.0
12,2022-06-16 13:10:41,1,1.0
13,2022-06-15 01:12:58,4,0.67
14,2022-06-15 01:11:23,1,1.0
15,2022-06-15 00:58:15,1,1.0
16,2022-06-13 22:10:12,1,1.0
17,2022-06-13 15:37:12,21,0.79
18,2022-06-12 20:59:22,1,1.0
19,2022-06-12 20:58:34,1,1.0
20,2022-06-12 15:46:47,26,0.84
21,2022-06-12 15:43:22,1,1.0
22,2022-06-12 15:42:02,1,1.0
23,2022-06-12 15:27:56,1,1.0
24,2022-06-11 19:47:00,28,0.82
25,2022-06-09 11:32:19,11,0.68
26,2022-06-09 02:06:08,77,0.8
27,2022-06-08 16:16:24,3,0.71
28,2022-06-08 16:03:59,1,1.0
29,2022-06-08 03:25:59,3,0.58
30,2022-06-07 04:32:47,27,0.69
31,2022-06-06 21:46:16,115,0.88
32,2022-06-06 20:50:47,2679,0.96
33,2022-06-06 20:48:38,2,1.0
34,2022-06-06 19:31:42,1,1.0
35,2022-06-06 19:29:21,1,1.0
36,2022-06-05 21:27:28,1,1.0
37,2022-06-05 21:02:16,1,1.0
38,2022-06-03 23:22:55,5,0.73
39,2022-06-03 20:07:25,23,0.78
40,2022-06-02 21:37:39,45,0.81
41,2022-06-01 21:56:33,53,0.84
42,2022-06-01 21:37:12,8,0.76
43,2022-06-01 20:52:24,2,1.0
44,2022-06-01 20:24:38,1,0.67
45,2022-05-28 16:59:52,68,0.88
46,2022-05-28 16:20:47,1,1.0
47,2022-05-27 20:06:19,6,0.88
48,2022-05-27 20:01:03,1,1.0
49,2022-05-25 12:58:15,4,0.6
50,2022-05-24 15:06:54,11,0.8
51,2022-05-24 13:04:51,16,0.88
52,2022-05-24 12:01:19,1,1.0
53,2022-05-24 11:54:09,1,1.0
54,2022-05-23 10:40:42,90,0.74
55,2022-05-23 03:13:47,170,0.96
56,2022-05-22 23:33:28,32,0.81
57,2022-05-21 23:35:40,80,0.82
58,2022-05-21 17:17:55,1,0.67
59,2022-05-21 17:16:07,1,1.0
60,2022-05-20 17:59:15,10711,0.8
61,2022-05-20 12:09:47,37,0.85
62,2022-05-19 18:12:28,25,0.86
63,2022-05-18 19:24:34,1,1.0
64,2022-05-18 15:46:19,95,0.91
65,2022-05-18 07:33:01,1,1.0
66,2022-05-17 13:37:13,45,0.88
67,2022-05-17 12:22:18,448,0.88
68,2022-05-17 11:10:45,1061,0.81
69,2022-05-16 18:52:38,273,0.93
70,2022-05-16 15:50:12,221,0.92
71,2022-05-16 06:34:00,1,1.0
72,2022-05-12 20:24:48,1,0.57
73,2022-05-12 18:46:04,23,0.88
74,2022-05-12 14:17:02,210,0.97
75,2022-05-12 13:08:09,1,1.0
76,2022-05-12 01:43:09,2,1.0
77,2022-05-12 01:41:14,1,1.0
78,2022-05-12 01:10:22,43,0.88
79,2022-05-11 21:44:22,1,1.0
80,2022-05-11 20:25:49,52,0.86
81,2022-05-11 18:29:53,2,1.0
82,2022-05-07 15:33:01,20,0.71
83,2022-05-04 20:15:18,1,1.0
84,2022-05-03 23:16:34,16,0.9
85,2022-05-02 07:12:35,13,0.84
86,2022-05-01 20:05:03,19,0.66
87,2022-05-01 14:17:52,1,1.0
88,2022-04-29 22:03:48,42,0.57
89,2022-04-29 14:28:29,1,1.0
90,2022-04-29 00:57:13,1,0.67
91,2022-04-29 00:46:42,27,0.89
92,2022-04-28 22:01:01,0,0.5
93,2022-04-28 21:19:21,1,1.0
94,2022-04-28 21:05:47,1,1.0
95,2022-04-28 20:45:18,1,1.0
96,2022-04-28 17:21:54,8,0.91
97,2022-04-28 17:13:38,1,1.0
98,2022-04-28 15:54:25,38,0.76
99,2022-04-28 15:51:17,1,1.0
100,2022-05-25 12:58:15,4,0.6
101,2022-05-24 15:06:54,11,0.8
102,2022-05-24 13:04:51,16,0.88
103,2022-05-24 12:01:19,1,1.0
104,2022-05-24 11:54:09,1,1.0
105,2022-05-23 10:40:42,90,0.74
106,2022-05-23 03:13:47,170,0.96
107,2022-05-22 23:33:28,32,0.81
108,2022-05-21 23:35:40,80,0.82
109,2022-05-21 17:17:55,1,0.67
110,2022-05-21 17:16:07,1,1.0
111,2022-05-20 17:59:15,10711,0.8
112,2022-05-20 12:09:47,37,0.85
113,2022-05-19 18:12:28,25,0.86
114,2022-05-18 19:24:34,1,1.0
115,2022-05-18 15:46:19,95,0.91
116,2022-05-18 07:33:01,1,1.0
117,2022-05-17 13:37:13,45,0.88
118,2022-05-17 12:22:18,448,0.88
119,2022-05-17 11:10:45,1061,0.81
120,2022-05-16 18:52:38,273,0.93
121,2022-05-16 15:50:12,221,0.92
122,2022-05-16 06:34:00,1,1.0
123,2022-05-12 20:24:48,1,0.57
124,2022-05-12 18:46:04,23,0.88
125,2022-05-12 14:17:02,210,0.97
126,2022-05-12 13:08:09,1,1.0
127,2022-05-12 01:43:09,2,1.0
128,2022-05-12 01:41:14,1,1.0
129,2022-05-12 01:10:22,43,0.88
130,2022-05-11 21:44:22,1,1.0
131,2022-05-11 20:25:49,52,0.86
132,2022-05-11 18:29:53,2,1.0
133,2022-05-07 15:33:01,20,0.71
134,2022-05-04 20:15:18,1,1.0
135,2022-05-03 23:16:34,16,0.9
136,2022-05-02 07:12:35,13,0.84
137,2022-05-01 20:05:03,19,0.66
138,2022-05-01 14:17:52,1,1.0
139,2022-04-29 22:03:48,42,0.57
140,2022-04-29 14:28:29,1,1.0
141,2022-04-29 00:57:13,1,0.67
142,2022-04-29 00:46:42,27,0.89
143,2022-04-28 22:01:01,0,0.5
144,2022-04-28 21:19:21,1,1.0
145,2022-04-28 21:05:47,1,1.0
146,2022-04-28 20:45:18,1,1.0
147,2022-04-28 17:21:54,8,0.91
148,2022-04-28 17:13:38,1,1.0
149,2022-04-28 15:54:25,38,0.76
150,2022-04-28 15:51:17,1,1.0
151,2022-04-28 15:49:02,1,1.0
152,2022-04-28 15:03:07,1,1.0
153,2022-04-28 14:58:01,1,1.0
154,2022-04-28 12:28:39,0,0.5
155,2022-04-28 00:23:15,1,1.0
156,2022-04-27 23:22:30,20,0.84
157,2022-04-27 20:35:53,55,0.9
158,2022-04-27 20:09:39,25,0.8
159,2022-04-27 02:01:24,13391,1.0
160,2022-04-26 21:39:34,17,0.72
161,2022-04-26 19:51:20,4,0.83
162,2022-04-26 15:01:38,37,0.87
163,2022-04-25 21:02:34,1,1.0
164,2022-04-25 20:09:12,10,0.75
165,2022-04-25 20:02:35,2,0.56
166,2022-04-25 11:42:11,35,0.89
167,2022-04-25 00:20:46,17,0.71
168,2022-04-24 23:46:28,49,0.81
169,2022-04-24 21:15:58,117,0.74
170,2022-04-24 21:13:47,1,1.0
171,2022-04-24 14:33:33,21,0.85
172,2022-04-23 18:48:30,1,1.0
173,2022-04-23 11:09:10,15,0.9
174,2022-04-22 19:07:35,9,0.85
175,2022-08-04 19:52:52,37,0.74
176,2022-08-03 14:03:52,4,0.71
177,2022-08-01 14:46:05,30,0.83
178,2022-07-30 21:58:43,0,0.48
179,2022-07-30 14:15:40,4,0.62
180,2022-07-29 15:39:14,8,1.0
181,2022-07-29 13:44:16,2,1.0
182,2022-07-29 02:16:24,27,0.85
183,2022-07-29 01:14:07,1,1.0
184,2022-07-28 21:24:58,11,0.77
185,2022-07-28 20:59:23,2802,0.95
186,2022-07-28 20:53:48,1,1.0
187,2022-07-28 19:41:48,15,0.89
188,2022-07-28 16:11:36,2,0.67
189,2022-07-28 01:56:48,1,1.0
190,2022-07-28 00:10:41,100,0.82
191,2022-07-27 22:38:34,6,0.81
192,2022-07-26 22:04:06,0,0.39
193,2022-07-26 18:49:36,1,1.0
194,2022-07-26 18:48:14,1,1.0
195,2022-07-26 16:34:58,95,0.93
196,2022-07-25 15:10:12,1,1.0
197,2022-07-21 20:33:08,17,0.75
198,2022-07-21 03:39:42,128,0.76
199,2022-07-21 02:15:33,7,0.66
200,2022-07-20 18:05:52,1,1.0
201,2022-07-20 17:58:49,1,1.0
202,2022-07-19 02:15:04,49,0.8
203,2022-07-18 23:11:10,11,0.83
204,2022-07-18 18:28:40,9,0.7
205,2022-07-18 18:27:14,1,1.0
206,2022-07-18 13:05:56,21,0.74
207,2022-07-18 12:42:15,6,0.8
208,2022-07-17 14:59:38,1121,0.96
209,2022-07-17 13:34:41,586,0.91
210,2022-07-16 14:56:29,1,1.0
211,2022-07-15 16:02:19,5,0.69
212,2022-07-15 13:23:48,39,0.83
213,2022-07-15 00:01:28,14,0.73
214,2022-07-14 05:54:53,22,0.74
215,2022-07-13 17:54:35,126,0.85
216,2022-07-13 03:24:50,12,0.66
217,2022-07-12 14:47:00,3,0.8
218,2022-07-11 04:12:57,13,0.76
219,2022-07-11 04:04:23,2,1.0
220,2022-07-09 19:10:40,4,0.61
221,2022-07-09 05:41:55,13,0.85
222,2022-07-08 19:50:19,1,1.0
223,2022-07-08 08:31:16,45,0.89
224,2022-07-07 18:11:14,6,0.75
225,2022-07-07 13:33:34,27,0.77
226,2022-07-07 00:41:44,0,0.39
227,2022-07-06 19:26:53,1,1.0
228,2022-07-06 14:07:01,42,0.77
229,2022-07-06 12:21:53,7,0.82
230,2022-07-06 07:39:27,1,1.0
231,2022-07-04 09:13:49,1,1.0
232,2022-07-01 12:18:34,11,0.88
233,2022-07-01 03:57:32,109,0.97
234,2022-07-01 03:32:42,1,1.0
235,2022-06-30 17:54:12,1614,0.92
236,2022-06-29 19:01:18,3,0.6
237,2022-06-28 06:52:41,1,1.0
238,2022-06-26 23:41:02,1,1.0
239,2022-06-26 22:52:12,343,0.77
240,2022-06-26 20:46:30,15,0.6
241,2022-06-22 09:31:07,16,0.84
242,2022-06-18 22:04:21,34,0.75
243,2022-06-17 01:41:57,658,0.87
244,2022-06-17 00:16:53,1,1.0
245,2022-06-16 14:15:02,1,1.0
246,2022-06-16 13:14:49,1,1.0
247,2022-06-16 13:10:41,1,1.0
248,2022-06-15 01:12:58,4,0.67
249,2022-06-15 01:11:23,1,1.0
250,2022-06-15 00:58:15,1,1.0
251,2022-06-13 22:10:12,1,1.0
252,2022-06-13 15:37:12,21,0.79
253,2022-06-12 20:59:22,1,1.0
254,2022-06-12 20:58:34,1,1.0
255,2022-06-12 15:46:47,26,0.84
256,2022-06-12 15:43:22,1,1.0
257,2022-06-12 15:42:02,1,1.0
258,2022-06-12 15:27:56,1,1.0
259,2022-06-11 19:47:00,28,0.82
260,2022-06-09 11:32:19,11,0.68
261,2022-06-09 02:06:08,77,0.8
262,2022-06-08 16:16:24,3,0.71
263,2022-06-08 16:03:59,1,1.0
264,2022-06-08 03:25:59,3,0.58
265,2022-06-07 04:32:47,27,0.69
266,2022-06-06 21:46:16,115,0.88
267,2022-06-06 20:50:47,2679,0.96
268,2022-06-06 20:48:38,2,1.0
269,2022-06-06 19:31:42,1,1.0
270,2022-06-06 19:29:21,1,1.0
271,2022-06-05 21:27:28,1,1.0
272,2022-06-05 21:02:16,1,1.0
273,2022-06-03 23:22:55,5,0.73
274,2022-06-03 20:07:25,23,0.78
275,2022-09-10 20:58:26,104,0.82
276,2022-09-09 16:05:01,1,1.0
277,2022-09-09 11:18:02,52,0.81
278,2022-09-07 19:16:17,60,0.84
279,2022-09-07 18:59:32,8,0.61
280,2022-09-07 18:25:45,1,1.0
281,2022-09-07 18:11:43,1,1.0
282,2022-09-07 17:42:27,1,1.0
283,2022-09-07 17:40:53,1,1.0
284,2022-09-07 12:33:55,26,0.79
285,2022-09-07 03:49:22,14,0.8
286,2022-09-05 21:33:54,350,0.93
287,2022-09-05 19:17:45,17,0.71
288,2022-09-05 19:14:41,1,1.0
289,2022-09-05 19:10:39,2,1.0
290,2022-09-05 19:09:31,1,1.0
291,2022-09-05 17:30:47,1,1.0
292,2022-09-05 15:40:48,1,0.53
293,2022-09-04 16:42:13,5,0.59
294,2022-09-04 01:49:25,1,1.0
295,2022-09-01 17:01:45,0,0.47
296,2022-09-01 03:27:39,0,0.41
297,2022-09-01 02:14:14,30,0.78
298,2022-08-30 22:33:39,0,0.4
299,2022-08-30 03:00:58,2,1.0
300,2022-08-29 21:55:12,3,0.61
301,2022-08-29 20:35:04,0,0.47
302,2022-08-29 20:19:11,8,0.73
303,2022-08-29 04:57:36,1,1.0
304,2022-08-29 04:50:52,174,0.88
305,2022-08-28 19:09:32,38,0.78
306,2022-08-28 02:38:27,26,0.7
307,2022-08-27 17:59:24,2,0.67
308,2022-08-27 16:30:17,1,1.0
309,2022-08-26 19:24:31,12,0.88
310,2022-08-26 16:13:28,1,1.0
311,2022-08-23 01:48:45,8,0.68
312,2022-08-22 23:24:46,6,0.75
313,2022-08-22 15:40:55,11,0.76
314,2022-08-20 16:34:56,19,0.78
315,2022-08-20 00:53:58,4,0.75
316,2022-08-19 17:50:52,56,0.66
317,2022-08-19 14:29:32,4,0.64
318,2022-08-19 13:39:28,1,1.0
319,2022-08-19 12:52:24,16,0.77
320,2022-08-19 07:08:06,1,1.0
321,2022-08-19 01:44:02,4,0.83
322,2022-08-18 22:15:57,30,0.76
323,2022-08-18 21:33:26,2,0.67
324,2022-08-18 19:54:23,18,0.78
325,2022-08-18 04:33:21,4,0.59
326,2022-08-18 01:32:51,1,1.0
327,2022-08-18 01:02:47,42,0.81
328,2022-08-17 23:27:34,6,0.67
329,2022-08-17 08:16:34,1,1.0
330,2022-08-16 19:49:35,47,0.89
331,2022-08-16 01:50:39,1,1.0
332,2022-08-16 01:29:07,9,0.74
333,2022-08-15 19:20:07,23,0.84
334,2022-08-15 19:17:39,1,1.0
335,2022-08-15 19:16:27,1,1.0
336,2022-08-15 19:14:35,1,1.0
337,2022-08-14 19:44:29,11,0.72
338,2022-08-12 16:09:18,1,1.0
339,2022-08-12 04:36:29,8,0.71
340,2022-08-10 20:22:32,59,0.71
341,2022-08-10 18:54:41,1,0.56
342,2022-08-09 20:31:41,41,0.92
343,2022-08-09 18:18:49,1,1.0
344,2022-08-09 08:36:56,2,0.56
345,2022-08-08 04:38:40,4447,0.91
346,2022-08-08 04:14:47,8,1.0
347,2022-08-07 17:31:24,1,1.0
348,2022-08-04 19:52:52,37,0.74
349,2022-08-03 14:03:52,4,0.71
350,2022-08-01 14:46:05,30,0.83
351,2022-07-30 21:58:43,0,0.48
352,2022-07-30 14:15:40,4,0.62
353,2022-07-29 15:39:14,8,1.0
354,2022-07-29 13:44:16,2,1.0
355,2022-07-29 02:16:24,27,0.85
356,2022-07-29 01:14:07,1,1.0
357,2022-07-28 21:24:58,11,0.77
358,2022-07-28 20:59:23,2802,0.95
359,2022-07-28 20:53:48,1,1.0
360,2022-07-28 19:41:48,15,0.89
361,2022-07-28 16:11:36,2,0.67
362,2022-07-28 01:56:48,1,1.0
363,2022-07-28 00:10:41,100,0.82
364,2022-07-27 22:38:34,6,0.81
365,2022-07-26 22:04:06,0,0.39
366,2022-07-26 18:49:36,1,1.0
367,2022-07-26 18:48:14,1,1.0
368,2022-07-26 16:34:58,95,0.93
369,2022-07-25 15:10:12,1,1.0
370,2022-07-21 20:33:08,17,0.75
371,2022-07-21 03:39:42,128,0.76
372,2022-07-21 02:15:33,7,0.66
373,2022-07-20 18:05:52,1,1.0
374,2022-07-20 17:58:49,1,1.0
375,2022-10-15 15:03:44,37,0.94
376,2022-10-15 12:35:08,1,1.0
377,2022-10-12 20:32:52,16,0.84
378,2022-10-12 01:02:22,0,0.41
379,2022-10-11 16:42:57,66,0.65
380,2022-10-10 12:45:11,11,0.79
381,2022-10-09 03:56:30,3,0.56
382,2022-10-08 18:43:41,14,0.94
383,2022-10-08 14:35:40,15,0.67
384,2022-10-07 03:18:23,2,0.75
385,2022-10-07 00:03:33,3,0.64
386,2022-10-05 14:28:07,4,0.7
387,2022-10-05 00:51:53,0,0.25
388,2022-10-04 23:30:48,1,0.57
389,2022-10-04 18:36:05,1,1.0
390,2022-10-04 18:27:52,1,1.0
391,2022-10-04 18:24:15,1,1.0
392,2022-10-04 16:37:23,145,0.9
393,2022-10-03 17:11:50,17,0.84
394,2022-10-03 15:16:15,27,0.92
395,2022-10-03 15:07:50,1,0.57
396,2022-10-03 15:02:58,15,0.81
397,2022-10-03 10:40:33,1,1.0
398,2022-10-02 01:06:25,35,0.73
399,2022-10-01 00:22:07,1,1.0
400,2022-09-30 19:11:04,19,0.74
401,2022-09-30 19:08:53,14,0.78
402,2022-09-30 18:32:21,333,0.95
403,2022-09-30 17:13:08,5,0.72
404,2022-09-30 16:07:25,2,1.0
405,2022-09-30 15:54:53,1,1.0
406,2022-09-30 13:29:28,1,1.0
407,2022-09-30 03:05:14,1,1.0
408,2022-09-30 02:40:47,3,0.71
409,2022-09-30 01:25:45,48,0.86
410,2022-09-29 18:02:46,1738,0.98
411,2022-09-29 17:58:46,1,1.0
412,2022-09-29 17:30:34,43,0.91
413,2022-09-29 16:59:08,8,0.76
414,2022-09-29 13:01:40,5,0.63
415,2022-09-28 16:54:21,8,0.78
416,2022-09-28 14:46:59,1,0.54
417,2022-09-28 14:05:52,88,0.95
418,2022-09-28 13:35:37,21,0.89
419,2022-09-28 12:26:50,1,0.51
420,2022-09-28 11:11:16,109,0.98
421,2022-09-28 06:48:50,1,0.54
422,2022-09-28 05:13:33,1,1.0
423,2022-09-28 05:11:23,1,1.0
424,2022-09-28 04:44:05,11,0.92
425,2022-09-28 02:07:56,348,0.91
426,2022-09-28 02:04:15,1,1.0
427,2022-09-27 22:02:14,29,0.9
428,2022-09-27 21:36:06,17,0.76
429,2022-09-25 14:06:39,1,1.0
430,2022-09-24 11:21:59,0,0.5
431,2022-09-23 22:54:38,1,1.0
432,2022-09-23 21:10:17,2,1.0
433,2022-09-23 20:44:27,21,1.0
434,2022-09-23 20:39:49,5,0.78
435,2022-09-20 22:46:26,6,0.8
436,2022-09-20 03:21:11,2,0.62
437,2022-09-20 03:18:51,1,1.0
438,2022-09-19 16:52:01,2,1.0
439,2022-09-18 20:31:02,5,0.6
440,2022-09-17 14:23:23,1,0.6
441,2022-09-17 01:59:35,0,0.44
442,2022-09-17 01:00:12,1,0.67
443,2022-09-16 20:30:38,1,1.0
444,2022-09-16 19:23:09,1,1.0
445,2022-09-16 09:52:43,4,0.61
446,2022-09-15 20:29:32,0,0.38
447,2022-09-15 02:30:30,1,1.0
448,2022-09-15 02:25:55,1,1.0
449,2022-09-15 02:23:54,1,1.0
450,2022-09-15 02:20:30,1,1.0
451,2022-09-15 01:20:29,1,1.0
452,2022-09-14 23:50:34,0,0.47
453,2022-09-14 20:07:42,1,1.0
454,2022-09-14 02:26:09,9,0.79
455,2022-09-13 15:52:31,159,0.87
456,2022-09-13 14:21:37,145,0.9
457,2022-09-13 13:53:51,22,0.88
458,2022-09-13 11:22:21,6,0.71
459,2022-09-12 20:40:08,1,1.0
460,2022-09-12 20:37:53,1,1.0
461,2022-09-12 20:33:43,1,1.0
462,2022-09-12 20:32:48,1,1.0
463,2022-09-12 20:31:53,1,1.0
464,2022-09-12 19:28:40,11,0.79
465,2022-09-12 14:28:31,3,1.0
466,2022-09-12 01:56:37,171,0.89
467,2022-09-10 20:58:26,104,0.82
468,2022-09-09 16:05:01,1,1.0
469,2022-09-09 11:18:02,52,0.81
470,2022-09-07 19:16:17,60,0.84
471,2022-09-07 18:59:32,8,0.61
472,2022-09-07 18:25:45,1,1.0
473,2022-09-07 18:11:43,1,1.0
474,2022-09-07 17:42:27,1,1.0
475,2022-11-23 13:22:44,1,1.0
476,2022-11-23 06:08:48,1,1.0
477,2022-11-23 04:30:26,1,1.0
478,2022-11-21 18:44:23,1,1.0
479,2022-11-19 20:24:50,1,1.0
480,2022-11-16 07:52:27,1,1.0
481,2022-11-15 21:58:03,1,1.0
482,2022-11-14 21:43:47,1,1.0
483,2022-11-14 14:18:45,1,1.0
484,2022-11-13 13:43:03,1,1.0
485,2022-11-12 21:14:36,1,1.0
486,2022-11-12 14:58:05,338,0.86
487,2022-11-12 14:51:06,1,1.0
488,2022-11-11 15:39:04,0,0.5
489,2022-11-10 19:01:09,1,1.0
490,2022-11-10 17:52:39,1,1.0
491,2022-11-09 19:09:40,1,1.0
492,2022-11-08 23:18:03,1,1.0
493,2022-11-08 05:49:57,1,1.0
494,2022-11-07 15:11:47,1,1.0
495,2022-11-07 14:10:55,1,1.0
496,2022-11-07 04:58:19,1,1.0
497,2022-11-07 02:11:06,1,1.0
498,2022-11-07 01:16:14,1,1.0
499,2022-11-06 23:38:48,1,1.0
500,2022-11-06 23:37:48,1,1.0
501,2022-11-06 22:40:22,1,1.0
502,2022-11-06 01:12:33,1,1.0
503,2022-11-05 03:10:34,1,1.0
504,2022-11-05 00:14:55,1,1.0
505,2022-11-04 15:18:12,52,0.69
506,2022-11-04 15:17:01,1,1.0
507,2022-11-04 01:24:44,1,1.0
508,2022-11-03 23:43:07,1,1.0
509,2022-11-03 22:14:02,1,1.0
510,2022-11-03 13:34:49,24,0.96
511,2022-11-03 09:08:22,1,1.0
512,2022-10-31 14:43:36,15,0.86
513,2022-10-31 05:13:12,1,1.0
514,2022-10-31 02:47:54,1,1.0
515,2022-10-31 00:25:33,29,0.85
516,2022-10-29 12:30:04,9,0.72
517,2022-10-29 03:14:33,58,0.93
518,2022-10-29 01:53:23,0,0.46
519,2022-10-29 01:07:01,94,0.97
520,2022-10-28 16:19:07,18,0.83
521,2022-10-28 15:17:44,5,0.67
522,2022-10-28 14:48:30,20,0.81
523,2022-10-28 14:44:20,2,0.6
524,2022-10-28 14:38:39,3,1.0
525,2022-10-28 13:33:14,2,0.6
526,2022-10-28 05:32:51,5,0.53
527,2022-10-28 04:23:49,38,0.83
528,2022-10-28 01:59:36,1,1.0
529,2022-10-27 23:35:58,1,1.0
530,2022-10-27 23:02:16,3,1.0
531,2022-10-27 22:38:30,1,1.0
532,2022-10-27 22:36:59,1,1.0
533,2022-10-27 22:34:01,1,1.0
534,2022-10-27 22:09:52,99,0.88
535,2022-10-27 21:44:37,509,0.97
536,2022-10-27 21:43:25,1,1.0
537,2022-10-27 21:29:57,109,0.87
538,2022-10-27 21:28:27,24,0.78
539,2022-10-27 21:20:17,19,0.81
540,2022-10-27 21:05:13,1,1.0
541,2022-10-27 20:55:05,3,0.59
542,2022-10-27 20:52:41,1,1.0
543,2022-10-27 19:19:02,1,1.0
544,2022-10-27 19:18:21,3,1.0
545,2022-10-27 19:15:18,0,0.5
546,2022-10-27 18:29:59,13,0.81
547,2022-10-27 18:15:59,4,0.67
548,2022-10-27 18:14:21,3,0.72
549,2022-10-27 17:58:54,15,0.76
550,2022-10-27 16:59:05,1,1.0
551,2022-10-27 16:54:10,1,1.0
552,2022-10-27 15:55:42,63,0.92
553,2022-10-27 15:30:41,14,0.85
554,2022-10-27 12:27:57,30,0.84
555,2022-10-27 03:36:15,8,0.75
556,2022-10-27 03:09:45,1,1.0
557,2022-10-27 03:04:09,1,1.0
558,2022-10-27 02:59:22,22,0.86
559,2022-10-27 02:05:03,1,0.55
560,2022-10-27 00:54:31,1,1.0
561,2022-10-27 00:51:24,1,1.0
562,2022-10-26 19:32:15,24,1.0
563,2022-10-26 13:42:28,5,0.69
564,2022-10-26 06:52:43,10,0.81
565,2022-10-26 06:17:00,15,0.9
566,2022-10-26 06:13:06,1,1.0
567,2022-10-25 21:45:25,353,0.81
568,2022-10-25 21:07:10,1,0.6
569,2022-10-25 15:35:28,1,1.0
570,2022-10-25 13:40:56,2,1.0
571,2022-10-24 23:07:06,7,0.89
572,2022-10-24 16:06:46,12,0.8
573,2022-10-24 11:31:55,13,0.89
574,2022-10-24 02:46:56,11,0.83
575,2022-12-29 21:04:15,1,1.0
576,2022-12-29 19:39:11,543,0.92
577,2022-12-29 12:47:05,1,1.0
578,2022-12-29 12:44:20,1,1.0
579,2022-12-28 21:27:18,1,1.0
580,2022-12-28 20:16:27,1,1.0
581,2022-12-28 18:45:47,1,1.0
582,2022-12-28 17:03:33,1,1.0
583,2022-12-28 15:32:17,1,1.0
584,2022-12-28 13:47:09,1,1.0
585,2022-12-26 05:49:25,38,0.76
586,2022-12-26 05:46:50,1,1.0
587,2022-12-26 01:13:36,1,1.0
588,2022-12-25 10:45:50,1,1.0
589,2022-12-24 07:27:52,1,1.0
590,2022-12-23 18:05:19,1,1.0
591,2022-12-22 02:25:40,1,1.0
592,2022-12-21 19:27:41,1,1.0
593,2022-12-21 13:09:35,1,1.0
594,2022-12-20 23:57:05,1,1.0
595,2022-12-20 20:21:04,1,1.0
596,2022-12-20 18:43:36,1,1.0
597,2022-12-20 14:02:36,1,1.0
598,2022-12-20 01:42:30,1,1.0
599,2022-12-19 17:53:02,1,1.0
600,2022-12-18 16:56:54,136,0.89
601,2022-12-18 10:40:47,1,1.0
602,2022-12-17 22:42:55,1,1.0
603,2022-12-17 03:49:06,1,1.0
604,2022-12-16 19:38:39,1,1.0
605,2022-12-16 19:36:19,1,1.0
606,2022-12-16 19:10:46,1,1.0
607,2022-12-16 00:54:03,1,1.0
608,2022-12-15 16:48:28,1,1.0
609,2022-12-13 17:49:36,1,1.0
610,2022-12-13 05:57:17,1,1.0
611,2022-12-12 13:14:48,1,1.0
612,2022-12-11 20:42:44,1,1.0
613,2022-12-11 20:40:16,1,1.0
614,2022-12-11 12:58:40,1,1.0
615,2022-12-11 03:32:57,20,0.81
616,2022-12-10 20:23:33,1,1.0
617,2022-12-10 20:14:45,1,1.0
618,2022-12-10 00:11:57,1,1.0
619,2022-12-09 18:35:19,1,1.0
620,2022-12-09 07:13:44,1,1.0
621,2022-12-09 03:00:28,1,1.0
622,2022-12-09 02:55:24,1,1.0
623,2022-12-09 00:55:40,1,1.0
624,2022-12-08 08:31:44,1,1.0
625,2022-12-08 03:04:10,1,1.0
626,2022-12-08 02:55:46,1,1.0
627,2022-12-06 23:35:10,1,1.0
628,2022-12-06 09:05:40,1,1.0
629,2022-12-06 08:59:51,1,1.0
630,2022-12-05 14:13:25,1,1.0
631,2022-12-05 04:01:50,1,1.0
632,2022-12-04 23:40:37,1,1.0
633,2022-12-04 16:47:22,1,1.0
634,2022-12-04 13:07:54,1,1.0
635,2022-12-03 14:35:31,1,1.0
636,2022-12-03 14:27:48,1,1.0
637,2022-12-02 00:57:42,0,0.47
638,2022-12-01 16:12:04,1,1.0
639,2022-12-01 02:24:30,3,1.0
640,2022-11-30 21:28:51,1,1.0
641,2022-11-30 20:18:10,1,1.0
642,2022-11-30 19:57:53,1,1.0
643,2022-11-30 01:30:09,1,1.0
644,2022-11-29 23:57:34,1,1.0
645,2022-11-29 21:19:01,1,1.0
646,2022-11-29 20:45:47,1,1.0
647,2022-11-29 16:34:17,926,0.92
648,2022-11-29 16:02:28,1,1.0
649,2022-11-29 05:14:46,1,1.0
650,2022-11-28 19:28:45,1,1.0
651,2022-11-28 19:00:12,1,1.0
652,2022-11-28 13:05:55,2,1.0
653,2022-11-28 12:06:51,1,1.0
654,2022-11-28 11:59:33,1,1.0
655,2022-11-28 11:14:46,1,1.0
656,2022-11-28 01:54:35,1,1.0
657,2022-11-27 02:37:25,1,1.0
658,2022-11-25 18:28:28,1,1.0
659,2022-11-25 18:22:09,1,1.0
660,2022-11-24 21:34:22,1,1.0
661,2022-11-24 17:25:31,1,1.0
662,2022-11-23 13:22:44,1,1.0
663,2022-11-23 06:08:48,1,1.0
664,2022-11-23 04:30:26,1,1.0
665,2022-11-21 18:44:23,1,1.0
666,2022-11-19 20:24:50,1,1.0
667,2022-11-16 07:52:27,1,1.0
668,2022-11-15 21:58:03,1,1.0
669,2022-11-14 21:43:47,1,1.0
670,2022-11-14 14:18:45,1,1.0
671,2022-11-13 13:43:03,1,1.0
672,2022-11-12 21:14:36,1,1.0
673,2022-11-12 14:58:05,338,0.86
674,2022-11-12 14:51:06,1,1.0
675,2023-02-04 21:41:50,1,1.0
676,2023-02-04 19:37:02,1,1.0
677,2023-02-04 17:29:21,1,1.0
678,2023-02-04 15:12:54,1,1.0
679,2023-02-04 06:34:14,1,1.0
680,2023-02-04 03:26:20,1,1.0
681,2023-02-04 03:14:46,1,1.0
682,2023-02-04 02:00:36,1,1.0
683,2023-02-03 21:38:16,1,1.0
684,2023-02-03 17:18:14,1,1.0
685,2023-02-03 12:00:53,1,1.0
686,2023-02-03 08:25:58,1,1.0
687,2023-02-03 01:20:20,1,1.0
688,2023-02-03 00:14:23,1,1.0
689,2023-02-02 22:18:35,1,1.0
690,2023-02-02 21:42:17,1,1.0
691,2023-02-02 21:40:21,1,1.0
692,2023-02-02 21:37:39,1,1.0
693,2023-02-02 20:46:18,1,1.0
694,2023-02-02 18:50:12,1,1.0
695,2023-02-02 18:16:57,1,1.0
696,2023-02-02 18:15:31,1,1.0
697,2023-02-02 18:06:14,1,1.0
698,2023-02-02 17:40:57,1,1.0
699,2023-02-02 15:10:09,1,1.0
700,2023-02-01 21:57:23,1,1.0
701,2023-02-01 21:05:41,1,1.0
702,2023-02-01 14:29:44,1,1.0
703,2023-02-01 04:51:30,1,1.0
704,2023-01-30 12:43:55,1,1.0
705,2023-01-29 20:09:10,1,1.0
706,2023-01-29 14:37:05,1,1.0
707,2023-01-27 05:57:31,1,1.0
708,2023-01-26 12:52:03,1,1.0
709,2023-01-25 13:29:50,1,1.0
710,2023-01-24 12:01:34,1,1.0
711,2023-01-23 12:37:49,1,1.0
712,2023-01-22 18:41:06,1,1.0
713,2023-01-21 23:34:33,1,1.0
714,2023-01-21 23:18:01,1,1.0
